{"cameraMode":{"drawMode":0,"name":"Shaded","section":"Shading Mode"},"sceneLighting":true,"audioPlay":false,"sceneViewState":{"showFog":false,"showMaterialUpdate":false,"showSkybox":false,"showFlares":false,"showImageEffects":false,"showParticleSystems":false},"in2DMode":false,"pivot":{"x":-0.04861009493470192,"y":0.8292999863624573,"z":-2.143393039703369},"rotation":{"x":0.4405248463153839,"y":-0.415327250957489,"z":0.2412368655204773,"w":0.7584550976753235},"size":34.787940979003909,"orthographic":false}