{"cameraMode":{"drawMode":0,"name":"Shaded","section":"Shading Mode"},"sceneLighting":true,"audioPlay":false,"sceneViewState":{"showFog":false,"showMaterialUpdate":false,"showSkybox":false,"showFlares":false,"showImageEffects":false,"showParticleSystems":false},"in2DMode":false,"pivot":{"x":1.010236144065857,"y":1.8780717849731446,"z":0.4513409733772278},"rotation":{"x":0.021961813792586328,"y":0.9759591221809387,"z":-0.18213583528995515,"w":0.11768052726984024},"size":3.1732051372528078,"orthographic":false}