{"cameraMode":{"drawMode":0,"name":"Shaded","section":"Shading Mode"},"sceneLighting":true,"audioPlay":false,"sceneViewState":{"showFog":false,"showMaterialUpdate":false,"showSkybox":false,"showFlares":false,"showImageEffects":false,"showParticleSystems":false},"in2DMode":false,"pivot":{"x":18.477968215942384,"y":-2.6836185455322267,"z":12.05465030670166},"rotation":{"x":0.22265399992465974,"y":0.458323210477829,"z":-0.11977792531251908,"w":0.852077841758728},"size":26.756174087524415,"orthographic":false}