{"cameraMode":{"drawMode":0,"name":"Shaded","section":"Shading Mode"},"sceneLighting":true,"audioPlay":false,"sceneViewState":{"showFog":false,"showMaterialUpdate":false,"showSkybox":false,"showFlares":false,"showImageEffects":false,"showParticleSystems":false},"in2DMode":false,"pivot":{"x":-4.462706565856934,"y":0.030921580269932748,"z":0.8901322484016419},"rotation":{"x":0.06091361120343208,"y":0.4673038721084595,"z":-0.03229524940252304,"w":0.8814042210578919},"size":8.037708282470704,"orthographic":false}