{"cameraMode":{"drawMode":0,"name":"Shaded","section":"Shading Mode"},"sceneLighting":true,"audioPlay":false,"sceneViewState":{"showFog":false,"showMaterialUpdate":false,"showSkybox":false,"showFlares":false,"showImageEffects":false,"showParticleSystems":false},"in2DMode":false,"pivot":{"x":-3.6644363403320314,"y":-1.263488531112671,"z":21.124061584472658},"rotation":{"x":0.34498143196105959,"y":0.5730589628219605,"z":-0.28857651352882388,"w":0.6850714683532715},"size":5.999467849731445,"orthographic":false}