{"cameraMode":{"drawMode":0,"name":"Shaded","section":"Shading Mode"},"sceneLighting":true,"audioPlay":false,"sceneViewState":{"showFog":false,"showMaterialUpdate":false,"showSkybox":false,"showFlares":false,"showImageEffects":false,"showParticleSystems":false},"in2DMode":false,"pivot":{"x":23.405303955078126,"y":39.18593978881836,"z":-0.8553582429885864},"rotation":{"x":0.4125409424304962,"y":-0.49584218859672549,"z":0.2891925275325775,"w":0.7073339223861694},"size":18.322097778320314,"orthographic":false}