{"cameraMode":{"drawMode":0,"name":"Shaded","section":"Shading Mode"},"sceneLighting":true,"audioPlay":false,"sceneViewState":{"showFog":false,"showMaterialUpdate":false,"showSkybox":false,"showFlares":false,"showImageEffects":false,"showParticleSystems":false},"in2DMode":false,"pivot":{"x":-2.426633358001709,"y":1.7447060346603394,"z":5.254668235778809},"rotation":{"x":-0.286092072725296,"y":0.325369656085968,"z":-0.103977270424366,"w":-0.8952505588531494},"size":7.208805561065674,"orthographic":false}