{"cameraMode":{"drawMode":0,"name":"Shaded","section":"Shading Mode"},"sceneLighting":false,"audioPlay":false,"sceneViewState":{"showFog":false,"showMaterialUpdate":false,"showSkybox":false,"showFlares":false,"showImageEffects":false,"showParticleSystems":false},"in2DMode":false,"pivot":{"x":0.31906765699386599,"y":0.015561996959149838,"z":-0.16526305675506593},"rotation":{"x":0.006287053693085909,"y":0.7155119180679321,"z":-0.006439785473048687,"w":0.6985428333282471},"size":0.3073950409889221,"orthographic":false}