{"cameraMode":{"drawMode":0,"name":"Shaded","section":"Shading Mode"},"sceneLighting":false,"audioPlay":false,"sceneViewState":{"showFog":false,"showMaterialUpdate":false,"showSkybox":false,"showFlares":false,"showImageEffects":false,"showParticleSystems":false},"in2DMode":false,"pivot":{"x":-1.949472427368164,"y":-10.25320053100586,"z":-3.260578155517578},"rotation":{"x":0.17550140619277955,"y":0.20939743518829347,"z":-0.03824526071548462,"w":0.9612011313438416},"size":0.9911257028579712,"orthographic":false}