{"cameraMode":{"drawMode":0,"name":"Shaded","section":"Shading Mode"},"sceneLighting":true,"audioPlay":false,"sceneViewState":{"showFog":false,"showMaterialUpdate":false,"showSkybox":false,"showFlares":false,"showImageEffects":false,"showParticleSystems":false},"in2DMode":false,"pivot":{"x":-11.161901473999024,"y":-7.270898818969727,"z":13.668811798095704},"rotation":{"x":0.3057738244533539,"y":-0.638603925704956,"z":0.30706703662872317,"w":0.6359289884567261},"size":12.968226432800293,"orthographic":false}