{"cameraMode":{"drawMode":0,"name":"Shaded","section":"Shading Mode"},"sceneLighting":true,"audioPlay":false,"sceneViewState":{"showFog":false,"showMaterialUpdate":false,"showSkybox":false,"showFlares":false,"showImageEffects":false,"showParticleSystems":false},"in2DMode":false,"pivot":{"x":2.0651371479034426,"y":3.1564645767211916,"z":-0.7383145093917847},"rotation":{"x":0.1527133285999298,"y":0.6311721205711365,"z":-0.12860223650932313,"w":0.7495088577270508},"size":3.324744701385498,"orthographic":false}