{"cameraMode":{"drawMode":0,"name":"Shaded","section":"Shading Mode"},"sceneLighting":false,"audioPlay":false,"sceneViewState":{"showFog":true,"showMaterialUpdate":false,"showSkybox":false,"showFlares":true,"showImageEffects":true,"showParticleSystems":true},"in2DMode":false,"pivot":{"x":0.35004162788391116,"y":-3.2738804817199709,"z":-3.085461139678955},"rotation":{"x":0.04148903861641884,"y":0.9218836426734924,"z":-0.3712172210216522,"w":0.10303203761577606},"size":3.149733304977417,"orthographic":false}