{"cameraMode":{"drawMode":0,"name":"Shaded","section":"Shading Mode"},"sceneLighting":true,"audioPlay":false,"sceneViewState":{"showFog":true,"showMaterialUpdate":false,"showSkybox":true,"showFlares":true,"showImageEffects":true,"showParticleSystems":true},"in2DMode":false,"pivot":{"x":1.3003547191619874,"y":0.8187187910079956,"z":0.2538093626499176},"rotation":{"x":-0.2894294857978821,"y":-0.2675238251686096,"z":0.08460833132266998,"w":-0.9151545166969299},"size":4.0314130783081059,"orthographic":false}