{"cameraMode":{"drawMode":0,"name":"Shaded","section":"Shading Mode"},"sceneLighting":true,"audioPlay":false,"sceneViewState":{"showFog":true,"showMaterialUpdate":false,"showSkybox":false,"showFlares":true,"showImageEffects":true,"showParticleSystems":true},"in2DMode":false,"pivot":{"x":0.0,"y":0.13999998569488526,"z":1.1699999570846558},"rotation":{"x":0.3590240478515625,"y":-0.03609512001276016,"z":0.013891962356865406,"w":0.932554304599762},"size":2.4248712062835695,"orthographic":false}