{"cameraMode":{"drawMode":0,"name":"Shaded","section":"Shading Mode"},"sceneLighting":true,"audioPlay":false,"sceneViewState":{"showFog":true,"showMaterialUpdate":false,"showSkybox":false,"showFlares":true,"showImageEffects":true,"showParticleSystems":true},"in2DMode":false,"pivot":{"x":0.0,"y":0.13999998569488526,"z":1.0700000524520875},"rotation":{"x":0.2638116776943207,"y":-0.015614266507327557,"z":0.0042616212740540508,"w":0.9644663333892822},"size":2.4248712062835695,"orthographic":false}