{"cameraMode":{"drawMode":0,"name":"Shaded","section":"Shading Mode"},"sceneLighting":true,"audioPlay":false,"sceneViewState":{"showFog":true,"showMaterialUpdate":false,"showSkybox":false,"showFlares":true,"showImageEffects":true,"showParticleSystems":true},"in2DMode":false,"pivot":{"x":-2.7968122959136965,"y":-2.330883502960205,"z":1.6253530979156495},"rotation":{"x":0.27086350321769717,"y":-0.6045320630073547,"z":0.22961315512657166,"w":0.7130975723266602},"size":2.4831182956695558,"orthographic":false}