{"cameraMode":{"drawMode":0,"name":"Shaded","section":"Shading Mode"},"sceneLighting":true,"audioPlay":false,"sceneViewState":{"showFog":true,"showMaterialUpdate":false,"showSkybox":false,"showFlares":true,"showImageEffects":true,"showParticleSystems":true},"in2DMode":false,"pivot":{"x":-0.2377181351184845,"y":-0.5459094643592835,"z":1.6104185581207276},"rotation":{"x":0.3590240478515625,"y":-0.03609512001276016,"z":0.013891962356865406,"w":0.932554304599762},"size":1.2248713970184327,"orthographic":false}